,id,title,popularity,release_date,vote_average,vote_count,overview
0,238,The Godfather,160.639,1972-03-14,8.708,19013,"Spanning the years 1945 to 1955, a chronicle of the fictional Italian-American Corleone crime family. When organized crime family patriarch, Vito Corleone barely survives an attempt on his life, his youngest son, Michael steps in to take care of the would-be killers, launching a campaign of bloody revenge."
1,278,The Shawshank Redemption,137.689,1994-09-23,8.705,25005,"Framed in the 1940s for the double murder of his wife and her lover, upstanding banker Andy Dufresne begins a new life at the Shawshank prison, where he puts his accounting skills to work for an amoral warden. During his long stretch in prison, Dufresne comes to be admired by the other inmates -- including an older prisoner named Red -- for his integrity and unquenchable sense of hope."
2,240,The Godfather Part II,82.973,1974-12-20,8.59,11478,"In the continuing saga of the Corleone crime family, a young Vito Corleone grows up in Sicily and in 1910s New York. In the 1950s, Michael Corleone attempts to expand the family business into Las Vegas, Hollywood and Cuba."
3,424,Schindler's List,83.051,1993-12-15,8.571,14817,The true story of how businessman Oskar Schindler saved over a thousand Jewish lives from the Nazis while they worked as slaves in his factory during World War II.
4,19404,Dilwale Dulhania Le Jayenge,44.336,1995-10-20,8.546,4285,"Raj is a rich, carefree, happy-go-lucky second generation NRI. Simran is the daughter of Chaudhary Baldev Singh, who in spite of being an NRI is very strict about adherence to Indian values. Simran has left for India to be married to her childhood fiancé. Raj leaves for India with a mission at his hands, to claim his lady love under the noses of her whole family. Thus begins a saga."
5,389,12 Angry Men,49.676,1957-04-10,8.545,7810,"The defense and the prosecution have rested and the jury is filing into the jury room to decide if a young Spanish-American is guilty or innocent of murdering his father. What begins as an open and shut case soon becomes a mini-drama of each of the jurors' prejudices and preconceptions about the trial, the accused, and each other."
6,129,Spirited Away,107.032,2001-07-20,8.5,15149,"A young girl, Chihiro, becomes trapped in a strange new world of spirits. When her parents undergo a mysterious transformation, she must call upon the courage she never knew she had to free her family."
7,496243,Parasite,125.022,2019-05-30,8.515,16699,"All unemployed, Ki-taek's family takes peculiar interest in the wealthy and glamorous Parks for their livelihood until they get entangled in an unexpected incident."
8,155,The Dark Knight,111.782,2008-07-16,8.514,30980,"Batman raises the stakes in his war on crime. With the help of Lt. Jim Gordon and District Attorney Harvey Dent, Batman sets out to dismantle the remaining criminal organizations that plague the streets. The partnership proves to be effective, but they soon find themselves prey to a reign of chaos unleashed by a rising criminal mastermind known to the terrified citizens of Gotham as the Joker."
9,497,The Green Mile,76.314,1999-12-10,8.509,16170,"A supernatural tale set on death row in a Southern prison, where gentle giant John Coffey possesses the mysterious power to heal people's ailments. When the cell block's head guard, Paul Edgecomb, recognizes Coffey's miraculous gift, he tries desperately to help stave off the condemned man's execution."
10,372058,Your Name.,98.785,2016-08-26,8.505,10527,"High schoolers Mitsuha and Taki are complete strangers living separate lives. But one night, they suddenly switch places. Mitsuha wakes up in Taki’s body, and he in hers. This bizarre occurrence continues to happen randomly, and the two must adjust their lives around each other."
11,680,Pulp Fiction,84.036,1994-09-10,8.488,26194,"A burger-loving hit man, his philosophical partner, a drug-addled gangster's moll and a washed-up boxer converge in this sprawling, comedic crime caper. Their adventures unfurl in three stories that ingeniously trip back and forth in time."
12,122,The Lord of the Rings: The Return of the King,125.995,2003-12-01,8.476,22615,"Aragorn is revealed as the heir to the ancient kings as he, Gandalf and the other members of the broken fellowship struggle to save Gondor from Sauron's forces. Meanwhile, Frodo and Sam take the ring closer to the heart of Mordor, the dark lord's realm."
13,13,Forrest Gump,110.736,1994-06-23,8.476,25713,"A man with a low IQ has accomplished great things in his life and been present during significant historic events—in each case, far exceeding what anyone imagined he could do. But despite all he has achieved, his one true love eludes him."
14,429,"The Good, the Bad and the Ugly",67.886,1966-12-23,8.47,7893,"While the Civil War rages on between the Union and the Confederacy, three men – a quiet loner, a ruthless hitman, and a Mexican bandit – comb the American Southwest in search of a strongbox containing $200,000 in stolen gold."
15,769,GoodFellas,83.482,1990-09-12,8.466,11919,"The true story of Henry Hill, a half-Irish, half-Sicilian Brooklyn kid who is adopted by neighbourhood gangsters at an early age and climbs the ranks of a Mafia family under the guidance of Jimmy Conway."
16,12477,Grave of the Fireflies,0.6,1988-04-15,8.5,4962,"In the final months of World War II, 14-year-old Seita and his sister Setsuko are orphaned when their mother is killed during an air raid in Kobe, Japan. After a falling out with their aunt, they move into an abandoned bomb shelter. With no surviving relatives and their emergency rations depleted, Seita and Setsuko struggle to survive."
17,637,Life Is Beautiful,52.527,1997-12-20,8.5,12368,A touching story of an Italian book seller of Jewish ancestry who lives in his own little fairy tale. His creative and happy life would come to an abrupt halt when his entire family is deported to a concentration camp during World War II. While locked up he tries to convince his son that the whole thing is just a game.
18,346,Seven Samurai,45.895,1954-04-26,8.453,3296,"A samurai answers a village's request for protection after he falls on hard times. The town needs protection from bandits, so the samurai gathers six others to help him teach the people how to defend themselves, and the villagers provide the soldiers with food."
19,11216,Cinema Paradiso,38.706,1988-11-17,8.448,4019,"A filmmaker recalls his childhood, when he fell in love with the movies at his village's theater and formed a deep friendship with the theater's projectionist."
20,667257,Impossible Things,12.007,2021-06-17,8.442,360,"Matilde is a woman who, after the death of her husband—a man who constantly abused her—finds her new best friend in Miguel, her young, insecure, disoriented and even dealer neighbor"
21,550,Fight Club,134.379,1999-10-15,8.44,27576,"A ticking-time-bomb insomniac and a slippery soap salesman channel primal male aggression into a shocking new form of therapy. Their concept catches on, with underground ""fight clubs"" forming in every town, until an eccentric gets in the way and ignites an out-of-control spiral toward oblivion."
22,696374,Gabriel's Inferno,14.043,2020-05-29,8.438,2372,"An intriguing and sinful exploration of seduction, forbidden love, and redemption, Gabriel's Inferno is a captivating and wildly passionate tale of one man's escape from his own personal hell as he tries to earn the impossible--forgiveness and love."
23,539,Psycho,50.458,1960-06-22,8.435,9413,"When larcenous real estate clerk Marion Crane goes on the lam with a wad of cash and hopes of starting a new life, she ends up at the notorious Bates Motel, where manager Norman Bates cares for his housebound mother."
24,598,City of God,42.932,2002-08-30,8.433,6789,"In the slums of Rio, two kids' paths diverge as one struggles to become a photographer and the other a kingpin."
25,311,Once Upon a Time in America,51.304,1984-05-23,8.428,4945,"A former Prohibition-era Jewish gangster returns to the Lower East Side of Manhattan over thirty years later, where he once again must confront the ghosts and regrets of his old life."
26,568332,Taylor Swift: Reputation Stadium Tour,31.851,2018-12-31,8.412,313,"Taylor Swift takes the stage in Dallas for the Reputation Stadium Tour and celebrates a monumental night of music, memories and visual magic."
27,724089,Gabriel's Inferno: Part II,14.24,2020-07-31,8.425,1486,"Professor Gabriel Emerson finally learns the truth about Julia Mitchell's identity, but his realization comes a moment too late. Julia is done waiting for the well-respected Dante specialist to remember her and wants nothing more to do with him. Can Gabriel win back her heart before she finds love in another's arms?"
28,372754,Dou kyu sei – Classmates,13.952,2016-02-20,8.422,328,"Rihito Sajo, an honor student with a perfect score on the entrance exam and Hikaru Kusakabe, in a band and popular among girls, would have never crossed paths. Until one day they started talking at the practice for their school’s upcoming chorus festival. After school, the two meet regularly, as Hikaru helps Rihito to improve his singing skills. While they listen to each other’s voice and harmonize, their hearts start to beat together."
29,510,One Flew Over the Cuckoo's Nest,52.372,1975-11-19,8.4,9765,"A petty criminal fakes insanity to serve his sentence in a mental ward rather than prison. He soon finds himself as a leader to the other patients—and an enemy to the cruel, domineering nurse who runs the ward."
30,157336,Interstellar,207.273,2014-11-05,8.421,33003,The adventures of a group of explorers who make use of a newly discovered wormhole to surpass the limitations on human space travel and conquer the vast distances involved in an interstellar voyage.
31,761053,Gabriel's Inferno: Part III,28.106,2020-11-19,8.406,1028,The final part of the film adaption of the erotic romance novel Gabriel's Inferno written by an anonymous Canadian author under the pen name Sylvain Reynard.
32,324857,Spider-Man: Into the Spider-Verse,112.419,2018-12-06,8.406,14270,"Struggling to find his place in the world while juggling school and family, Brooklyn teenager Miles Morales is unexpectedly bitten by a radioactive spider and develops unfathomable powers just like the one and only Spider-Man. While wrestling with the implications of his new abilities, Miles discovers a super collider created by the madman Wilson ""Kingpin"" Fisk, causing others from across the Spider-Verse to be inadvertently transported to his dimension."
33,14537,Harakiri,27.193,1962-09-15,8.405,860,"Down-on-his-luck veteran Tsugumo Hanshirō enters the courtyard of the prosperous House of Iyi. Unemployed, and with no family, he hopes to find a place to commit seppuku—and a worthy second to deliver the coup de grâce in his suicide ritual. The senior counselor for the Iyi clan questions the ronin’s resolve and integrity, suspecting Hanshirō of seeking charity rather than an honorable end. What follows is a pair of interlocking stories which lay bare the difference between honor and respect, and promises to examine the legendary foundations of the Samurai code."
34,120,The Lord of the Rings: The Fellowship of the Ring,124.348,2001-12-18,8.4,23584,"Young hobbit Frodo Baggins, after inheriting a mysterious ring from his uncle Bilbo, must leave his home in order to keep it from falling into the hands of its evil creator. Along the way, a fellowship is formed to protect the ringbearer and make sure that the ring arrives at its final destination: Mt. Doom, the only place where it can be destroyed."
35,40096,A Dog's Will,13.841,2000-09-15,8.4,1025,"The lively João Grilo and the sly Chicó are poor guys living in the hinterland who cheat a bunch of people in a small in Northeastern Brazil. When they die, they have to be judged by Christ, the Devil and the Virgin Mary before they are admitted to paradise."
36,4935,Howl's Moving Castle,94.223,2004-09-09,8.404,8891,"Sophie, a young milliner, is turned into an elderly woman by a witch who enters her shop and curses her. She encounters a wizard named Howl and gets caught up in his resistance to fighting for the king."
37,620249,The Legend of Hei,23.46,2019-08-27,8.402,311,"When cat spirit Luo Xiaohei's home is deforested by humans, he must find a new one. He runs into a group of other spirit creatures who take him under their wing with dreams of reconquering the land they say is rightfully theirs. However, they run into a human known as Wuxian who separates Luo Xiaohei from the other spirits and the two go on a journey, with the cat spirit learning to control his abilities as well as forming his own thoughts on whether or not he should ally with the spirits or the humans."
38,569094,Spider-Man: Across the Spider-Verse,365.456,2023-05-31,8.4,5008,"After reuniting with Gwen Stacy, Brooklyn’s full-time, friendly neighborhood Spider-Man is catapulted across the Multiverse, where he encounters the Spider Society, a team of Spider-People charged with protecting the Multiverse’s very existence. But when the heroes clash on how to handle a new threat, Miles finds himself pitted against the other Spiders and must set out on his own to save those he loves most."
39,378064,A Silent Voice: The Movie,51.239,2016-09-17,8.398,3624,"Shouya Ishida starts bullying the new girl in class, Shouko Nishimiya, because she is deaf. But as the teasing continues, the rest of the class starts to turn on Shouya for his lack of compassion. When they leave elementary school, Shouko and Shouya do not speak to each other again... until an older, wiser Shouya, tormented by his past behaviour, decides he must see Shouko once more. He wants to atone for his sins, but is it already too late...?"
40,1891,The Empire Strikes Back,47.872,1980-05-20,8.4,15936,"The epic saga continues as Luke Skywalker, in hopes of defeating the evil Galactic Empire, learns the ways of the Jedi from aging master Yoda. But Darth Vader is more determined than ever to capture Luke. Meanwhile, rebel leader Princess Leia, cocky Han Solo, Chewbacca, and droids C-3PO and R2-D2 are thrown into various stages of capture, betrayal and despair."
41,255709,Hope,20.341,2013-10-02,8.385,599,"After 8-year-old So-won narrowly survives a brutal sexual assault, her family labors to help her heal while coping with their own rage and grief."
42,121,The Lord of the Rings: The Two Towers,99.245,2002-12-18,8.388,20505,"Frodo and Sam are trekking to Mordor to destroy the One Ring of Power while Gimli, Legolas and Aragorn search for the orc-captured Merry and Pippin. All along, nefarious wizard Saruman awaits the Fellowship members at the Orthanc Tower in Isengard."
43,244786,Whiplash,103.921,2014-10-10,8.384,14075,"Under the direction of a ruthless instructor, a talented young drummer begins to pursue perfection at any cost, even his humanity."
44,423,The Pianist,47.343,2002-09-17,8.384,8483,"The true story of pianist Władysław Szpilman's experiences in Warsaw during the Nazi occupation. When the Jews of the city find themselves forced into a ghetto, Szpilman finds work playing in a café; and when his family is deported in 1942, he stays behind, works for a while as a laborer, and eventually goes into hiding in the ruins of the war-torn city."
45,995133,"The Boy, the Mole, the Fox and the Horse",41.55,2022-12-25,8.378,422,"The unlikely friendship of a boy, a mole, a fox and a horse traveling together in the boy’s search for home."
46,807,Se7en,99.103,1995-09-22,8.37,19665,"Two homicide detectives are on a desperate hunt for a serial killer whose crimes are based on the ""seven deadly sins"" in this dark and haunting film that takes viewers from the tortured remains of one victim to the next. The seasoned Det. Sommerset researches each sin in an effort to get inside the killer's mind, while his novice partner, Mills, scoffs at his efforts to unravel the case."
47,92321,Hotarubi no Mori e,0.6,2011-09-17,8.366,1007,"One hot summer day a little girl gets lost in an enchanted forest of the mountain god where spirits reside. A young boy appears before her, but she cannot touch him for fear of making him disappear. And so a wondrous adventure awaits..."
48,27205,Inception,168.558,2010-07-15,8.366,34819,"Cobb, a skilled thief who commits corporate espionage by infiltrating the subconscious of his targets is offered a chance to regain his old life as payment for a task considered to be impossible: ""inception"", the implantation of another person's idea into a target's subconscious."
49,567,Rear Window,28.826,1954-08-01,8.359,5987,A wheelchair-bound photographer spies on his neighbors from his apartment window and becomes convinced one of them has committed murder.
50,820067,The Quintessential Quintuplets Movie,43.343,2022-05-20,8.356,336,"When five lovely young girls who hate studying hire part-time tutor Futaro, he guides not only their education but also their hearts. Time spent has brought them all closer, with feelings growing within the girls and Futaro. As they finish their third year of high school and their last school festival approaches, they set their sights on what’s next. Is there a future with one of them and Futaro?"
51,73,American History X,45.505,1998-07-01,8.351,10857,"Derek Vineyard is paroled after serving 3 years in prison for killing two African-American men. Through his brother, Danny Vineyard's narration, we learn that before going to prison, Derek was a skinhead and the leader of a violent white supremacist gang that committed acts of racial crime throughout L.A. and his actions greatly influenced Danny. Reformed and fresh out of prison, Derek severs contact with the gang and becomes determined to keep Danny from going down the same violent path as he did."
52,274,The Silence of the Lambs,15.281,1991-02-14,8.344,15236,"Clarice Starling is a top student at the FBI's training academy.  Jack Crawford wants Clarice to interview Dr. Hannibal Lecter, a brilliant psychiatrist who is also a violent psychopath, serving life behind bars for various acts of murder and cannibalism.  Crawford believes that Lecter may have insight into a case and that Starling, as an attractive young woman, may be just the bait to draw him out."
53,128,Princess Mononoke,64.76,1997-07-12,8.337,7346,"Ashitaka, a prince of the disappearing Emishi people, is cursed by a demonized boar god and must journey to the west to find a cure. Along the way, he encounters San, a young human woman fighting to protect the forest, and Lady Eboshi, who is trying to destroy it. Ashitaka must find a way to bring balance to this conflict."
54,18491,Neon Genesis Evangelion: The End of Evangelion,33.462,1997-07-19,8.333,1408,"The second of two theatrically released follow-ups to the Neon Genesis Evangelion series. Comprising of two alternate episodes which were first intended to take the place of episodes 25 and 26, this finale answers many of the questions surrounding the series, while also opening up some new possibilities."
55,914,The Great Dictator,23.294,1940-10-15,8.333,3084,Dictator Adenoid Hynkel tries to expand his empire while a poor Jewish barber tries to avoid persecution from Hynkel's regime.
56,599,Sunset Boulevard,27.5,1950-08-17,8.333,2360,A hack screenwriter writes a screenplay for a former silent film star who has faded into Hollywood obscurity.
57,3782,Ikiru,20.307,1952-10-09,8.33,994,"Kanji Watanabe is a middle-aged man who has worked in the same monotonous bureaucratic position for decades. Learning he has cancer, he starts to look for the meaning of his life."
58,652837,"Josee, the Tiger and the Fish",39.438,2020-12-25,8.328,379,"With dreams of diving abroad, Tsuneo gets a job assisting Josee, an artist whose imagination takes her far beyond her wheelchair. But when the tide turns against them, they push each other to places they never thought possible, and inspire a love fit for a storybook."
59,12493,High and Low,23.537,1963-03-01,8.321,768,A shoe company executive who has mortgaged everything he has becomes a victim of extortion when his chauffeur's son is kidnapped and is conflicted over whether he should pay the ransom.
60,644479,Dedicated to my ex,10.206,2019-11-01,8.32,487,"The film tells the story of Ariel, a 21-year-old who decides to form a rock band to compete for a prize of ten thousand dollars in a musical band contest, this as a last option when trying to get money to save their relationship and reunite with his ex-girlfriend, which breaks due to the trip she must make to Finland for an internship. Ariel with her friend Ortega, decides to make a casting to find the other members of the band, although they do not know nothing about music, thus forming a band with members that have diverse and opposite personalities."
61,101,Léon: The Professional,63.105,1994-09-14,8.315,13826,"Léon, the top hit man in New York, has earned a rep as an effective ""cleaner"". But when his next-door neighbors are wiped out by a loose-cannon DEA agent, he becomes the unwilling custodian of 12-year-old Mathilda. Before long, Mathilda's thoughts turn to revenge, and she considers following in Léon's footsteps."
62,207,Dead Poets Society,48.97,1989-06-02,8.313,10444,"At an elite, old-fashioned boarding school in New England, a passionate English teacher inspires his students to rebel against convention and seize the potential of every day, courting the disdain of the stern headmaster."
63,105,Back to the Future,69.077,1985-07-03,8.313,18683,"Eighties teenager Marty McFly is accidentally sent back in time to 1955, inadvertently disrupting his parents' first meeting and attracting his mother's romantic interest. Marty must repair the damage to history by rekindling his parents' romance and - with the help of his eccentric inventor friend Doc Brown - return to 1985."
64,901,City Lights,17.522,1931-02-01,8.309,1983,"In this sound-era silent film, a tramp falls in love with a beautiful blind flower seller."
65,533514,Violet Evergarden: The Movie,34.803,2020-09-18,8.307,358,"As the world moves on from the war and technological advances bring changes to her life, Violet still hopes to see her lost commanding officer again."
66,29259,Le Trou,15.44,1960-03-18,8.305,415,"Four prison inmates have been hatching a plan to literally dig out of jail when another prisoner, Claude Gaspard, is moved into their cell. They take a risk and share their plan with the newcomer. Over the course of three days, the prisoners and friends break through the concrete floor using a bed post and begin to make their way through the sewer system -- yet their escape is anything but assured."
67,3082,Modern Times,20.806,1936-02-05,8.296,3439,"A bumbling tramp desires to build a home with a young woman, yet is thwarted time and time again by his lack of experience and habit of being in the wrong place at the wrong time.."
68,447362,Life in a Year,46.248,2020-11-27,8.295,1580,"A 17 year old finds out that his girlfriend is dying, so he sets out to give her an entire life, in the last year she has left."
69,25237,Come and See,32.66,1985-07-09,8.291,1244,"The invasion of a village in Byelorussia by German forces sends young Florya into the forest to join the weary Resistance fighters, against his family's wishes. There he meets a girl, Glasha, who accompanies him back to his village. On returning home, Florya finds his family and fellow peasants massacred. His continued survival amidst the brutal debris of war becomes increasingly nightmarish, a battle between despair and hope."
70,10494,Perfect Blue,63.739,1998-02-28,8.3,2226,"Pop singer Mima Kirigow looks forward to a bright new career when she quits her chart-topping trio to become an actress. When she lands a role in a sexually charged murder mystery, Mima’s life begins to fall apart."
71,283566,Evangelion: 3.0+1.0 Thrice Upon a Time,45.029,2021-03-08,8.289,709,"In the aftermath of the Fourth Impact, stranded without their Evangelions, Shinji, Asuka and Rei find refuge in one of the rare pockets of humanity that still exist on the ruined planet Earth. There, each lives a life far different from their days as an Evangelion pilot. However, the danger to the world is far from over. A new impact is looming on the horizon—one that will prove to be the true end of Evangelion."
72,335,Once Upon a Time in the West,42.781,1968-12-21,8.3,3978,"As the railroad builders advance unstoppably through the Arizona desert on their way to the sea, Jill arrives in the small town of Flagstone with the intention of starting a new life."
73,630566,Clouds,17.172,2020-10-09,8.286,963,"Young musician Zach Sobiech discovers his cancer has spread, leaving him just a few months to live. With limited time, he follows his dream and makes an album, unaware that it will soon be a viral music phenomenon."
74,28,Apocalypse Now,51.023,1979-08-15,8.284,7610,"At the height of the Vietnam war, Captain Benjamin Willard is sent on a dangerous mission that, officially, ""does not exist, nor will it ever exist."" His goal is to locate - and eliminate - a mysterious Green Beret Colonel named Walter Kurtz, who has been leading his personal army on illegal guerrilla missions into enemy territory."
75,527641,Five Feet Apart,54.888,2019-03-14,8.283,5299,"Seventeen-year-old Stella spends most of her time in the hospital as a cystic fibrosis patient. Her life is full of routines, boundaries and self-control — all of which get put to the test when she meets Will, an impossibly charming teen who has the same illness. There's an instant flirtation, though restrictions dictate that they must maintain a safe distance between them. As their connection intensifies, so does the temptation to throw the rules out the window and embrace that attraction."
76,975,Paths of Glory,23.581,1957-10-25,8.282,2628,A commanding officer defends three scapegoats on trial for a failed offensive that occurred within the French Army in 1916.
77,77338,The Intouchables,67.7,2011-11-02,8.28,16285,A true story of two men who should never have met – a quadriplegic aristocrat who was injured in a paragliding accident and a young man from the projects.
78,632632,Given,15.389,2020-08-22,8.3,364,"The relationship between a band's bassist, their drummer, and the drummer’s roommate and ex-boyfriend, who is a professional violinist."
79,637920,Miracle in Cell No. 7,37.535,2019-10-10,8.3,4244,"Separated from his daughter, a father with an intellectual disability must prove his innocence when he is jailed for the death of a commander's child."
80,16672,Woman in the Dunes,16.818,1964-02-15,8.272,367,An entomologist suffers extreme psychological and sexual torture after being taken captive by the residents of a poor seaside village.
81,670,Oldboy,71.712,2003-11-21,8.3,7919,"With no clue how he came to be imprisoned, drugged and tortured for 15 years, a desperate businessman seeks revenge on his captors."
82,42269,We All Loved Each Other So Much,11.019,1974-12-21,8.265,487,"Three partisans bound by a strong friendship return home after the war, but the clash with everyday reality puts a strain on their bond."
83,10376,The Legend of 1900,22.102,1998-10-28,8.265,2111,"The story of a virtuoso piano player who lives his entire life aboard an ocean liner. Born and raised on the ship, 1900 (Tim Roth) learned about the outside world through interactions with passengers, never setting foot on land, even for the love of his life. Years later, the ship may be destroyed, and a former band member fears that 1900 may still be aboard, willing to go down with the ship."
84,20334,The Shop Around the Corner,18.728,1940-01-12,8.264,641,"Two employees at a gift shop can barely stand one another, without realising that they are falling in love through the post as each other's anonymous pen pal."
85,1585,It's a Wonderful Life,52.256,1946-12-20,8.264,3906,"A holiday favourite for generations...  George Bailey has spent his entire life giving to the people of Bedford Falls.  All that prevents rich skinflint Mr. Potter from taking over the entire town is George's modest building and loan company.  But on Christmas Eve the business's $8,000 is lost and George's troubles begin."
86,315162,Puss in Boots: The Last Wish,302.14,2022-12-07,8.261,6654,"Puss in Boots discovers that his passion for adventure has taken its toll: He has burned through eight of his nine lives, leaving him with only one life left. Puss sets out on an epic journey to find the mythical Last Wish and restore his nine lives."
87,299534,Avengers: Endgame,186.044,2019-04-24,8.261,24125,"After the devastating events of Avengers: Infinity War, the universe is in ruins due to the efforts of the Mad Titan, Thanos. With the help of remaining allies, the Avengers must assemble once more in order to undo Thanos' actions and restore order to the universe once and for all, no matter what consequences may be in store."
88,635302,Demon Slayer -Kimetsu no Yaiba- The Movie: Mugen Train,92.057,2020-10-16,8.257,3494,"Tanjiro Kamado, joined with Inosuke Hashibira, a boy raised by boars who wears a boar's head, and Zenitsu Agatsuma, a scared boy who reveals his true power when he sleeps, boards the Infinity Train on a new mission with the Fire Hashira, Kyojuro Rengoku, to defeat a demon who has been tormenting the people and killing the demon slayers who oppose it!"
89,618344,Justice League Dark: Apokolips War,23.929,2020-05-05,8.3,1372,"Earth is decimated after intergalactic tyrant Darkseid has devastated the Justice League in a poorly executed war by the DC Super Heroes. Now the remaining bastions of good – the Justice League, Teen Titans, Suicide Squad and assorted others – must regroup, strategize and take the war to Darkseid in order to save the planet and its surviving inhabitants."
90,8587,The Lion King,103.974,1994-06-24,8.256,17191,"A young lion prince is cast out of his pride by his cruel uncle, who claims he killed his father. While the uncle rules with an iron paw, the prince grows up beyond the Savannah, living by a philosophy: No worries for the rest of your days. But when his past comes to haunt him, the young prince must decide his fate: Will he remain an outcast or face his demons and become what he needs to be?"
91,299536,Avengers: Infinity War,260.75,2018-04-25,8.252,28022,"As the Avengers and their allies have continued to protect the world from threats too large for any one hero to handle, a new danger has emerged from the cosmic shadows: Thanos. A despot of intergalactic infamy, his goal is to collect all six Infinity Stones, artifacts of unimaginable power, and use them to inflict his twisted will on all of reality. Everything the Avengers have fought for has led up to this moment - the fate of Earth and existence itself has never been more uncertain."
92,361743,Top Gun: Maverick,227.977,2022-05-24,8.248,7802,"After more than thirty years of service as one of the Navy’s top aviators, and dodging the advancement in rank that would ground him, Pete “Maverick” Mitchell finds himself training a detachment of TOP GUN graduates for a specialized mission the likes of which no living pilot has ever seen."
93,265177,Mommy,18.174,2014-09-19,8.246,2560,"A peculiar neighbor offers hope to a recent widow who is struggling to raise a teenager who is unpredictable and, sometimes, violent."
94,504253,I Want to Eat Your Pancreas,38.654,2018-09-01,8.245,1373,"After his classmate and crush is diagnosed with a pancreatic disease, an average high schooler sets out to make the most of her final days."
95,851644,20th Century Girl,96.524,2022-10-06,8.244,536,"Yeon-du asks her best friend Bora to collect all the information she can about Baek Hyun-jin while she is away in the U.S. for heart surgery. Bora decides to get close to Baek's best friend, Pung Woon-ho first. However, Bora's clumsy plan unfolds in an unexpected direction. In 1999, a year before the new century, Bora, who turns seventeen, falls into the fever of first love."
96,626332,Flamin' Hot,85.236,2023-03-11,8.244,434,"The inspiring true story of Richard Montañez, the Frito Lay janitor who channeled his Mexican American heritage and upbringing to turn the iconic Flamin’ Hot Cheetos into a snack that disrupted the food industry and became a global pop culture phenomenon."
97,508965,Klaus,43.616,2019-11-08,8.245,3593,"When Jesper distinguishes himself as the Postal Academy's worst student, he is sent to Smeerensburg, a small village located on an icy island above the Arctic Circle, where grumpy inhabitants barely exchange words, let alone letters. Jesper is about to give up and abandon his duty as a postman when he meets local teacher Alva and Klaus, a mysterious carpenter who lives alone in a cabin full of handmade toys."
98,490132,Green Book,92.477,2018-11-16,8.244,10687,"Tony Lip, a bouncer in 1962, is hired to drive pianist Don Shirley on a tour through the Deep South in the days when African Americans, forced to find alternate accommodations and services due to segregation laws below the Mason-Dixon Line, relied on a guide called The Negro Motorist Green Book."
99,572154,Rascal Does Not Dream of a Dreaming Girl,18.897,2019-06-15,8.2,478,"In Fujisawa, Sakuta Azusagawa is in his second year of high school. Blissful days with his girlfriend and upperclassman, Mai Sakurajima, are interrupted by the appearance of his first crush, Shoko Makinohara."
100,290098,The Handmaiden,96.052,2016-06-01,8.241,3364,"In 1930s Korea, a swindler and a young woman pose as a Japanese count and a handmaiden to seduce a Japanese heiress and steal her fortune."
101,110420,Wolf Children,37.315,2012-07-21,8.236,2114,"After her werewolf lover unexpectedly dies in an accident, a woman must find a way to raise the son and daughter that she had with him. However, their inheritance of their father's traits prove to be a challenge for her."
102,441130,Wolfwalkers,22.836,2020-10-26,8.232,1049,"In a time of superstition and magic, when wolves are seen as demonic and nature an evil to be tamed, a young apprentice hunter comes to Ireland with her father to wipe out the last pack. But when she saves a wild native girl, their friendship leads her to discover the world of the Wolfwalkers and transform her into the very thing her father is tasked to destroy."
103,568300,BTS World Tour: Love Yourself in Seoul,11.8,2019-01-26,8.235,427,Shot at the Olympic Stadium in Seoul during the BTS World Tour ‘Love Yourself’ to celebrate the seven members of the global boyband and their unprecedented international phenomenon.
104,537061,Steven Universe: The Movie,35.4,2019-09-02,8.226,784,"Two years after bringing peace to the galaxy, Steven Universe sees his past come back to haunt him in the form of a deranged Gem who wants to destroy the Earth."
105,24188,Il Sorpasso,11.137,1962-12-05,8.226,649,"Roberto, a shy law student in Rome, meets Bruno, a forty-year-old exuberant, capricious man, who takes him for a drive through the Roman and Tuscany countries in the summer. When their journey starts to blend into their daily lives though, the pair’s newfound friendship is tested."
106,284,The Apartment,29.187,1960-06-21,8.2,2059,"Bud Baxter is a minor clerk in a huge New York insurance company, until he discovers a quick way to climb the corporate ladder. He lends out his apartment to the executives as a place to take their mistresses. Although he often has to deal with the aftermath of their visits, one night he's left with a major problem to solve."
107,1026227,There’s Still Tomorrow,20.134,2023-10-26,8.255,320,"Delia is a typical housewife in post-war Italy, whose family is in turmoil over the impending engagement of beloved first-born Marcella. The arrival of a mysterious letter, however, will ignite Delia's courage to face her abusive husband and imagine a better future."
108,37257,Witness for the Prosecution,25.588,1957-12-17,8.221,1237,"When Leonard Vole is arrested for the sensational murder of a rich, middle-aged widow, the famous Sir Wilfrid Robarts agrees to appear on his behalf. Sir Wilfrid, recovering from a near-fatal heart attack, is supposed to be on a diet of bland, civil suits—but the lure of the criminal courts is too much for him, especially when the case is so difficult."
109,797,Persona,18.487,1966-10-18,8.22,1951,"A young nurse, Alma, is put in charge of Elisabeth Vogler: an actress who is seemingly healthy in all respects, but will not talk. As they spend time together, Alma speaks to Elisabeth constantly, never receiving any answer. The time they spend together only strengthens the crushing realization that one does not exist."
110,694,The Shining,54.049,1980-05-23,8.2,16402,"Jack Torrance accepts a caretaker job at the Overlook Hotel, where he, along with his wife Wendy and their son Danny, must live isolated from the rest of the world for the winter. But they aren't prepared for the madness that lurks within."
111,476292,Maquia: When the Promised Flower Blooms,32.05,2018-02-24,8.2,561,"Maquia is a member of a special race called the Iorph who can live for hundreds of years. However, Maquia has always felt lonely despite being surrounded by her people, as she was orphaned from a young age. She daydreams about the outside world, but dares not travel from her home due to the warnings of the clan's chief.  One day the kingdom of Mezarte invades her homeland. They already have what is left of the giant dragons, the Renato, under their control, and now their king wishes to add the immortality to his bloodline.  They ravage the Iorph homeland and kill most of its inhabitants. Caught in the midst of the attack, Maquia is carried off by one of the Renato. It soon dies, and she is left deserted in a forest, now truly alone save for the cries of a single baby off in the distance. Maquia finds the baby in a destroyed village and decides to raise him as her own, naming him Ariel. Although she knows nothing of the human world, how to raise a child that ages much faster than her."
112,354912,Coco,140.424,2017-10-27,8.218,18210,"Despite his family’s baffling generations-old ban on music, Miguel dreams of becoming an accomplished musician like his idol, Ernesto de la Cruz. Desperate to prove his talent, Miguel finds himself in the stunning and colorful Land of the Dead following a mysterious chain of events. Along the way, he meets charming trickster Hector, and together, they set off on an extraordinary journey to unlock the real story behind Miguel's family history."
113,16869,Inglourious Basterds,88.281,2009-08-19,8.216,20995,"In Nazi-occupied France during World War II, a group of Jewish-American soldiers known as ""The Basterds"" are chosen specifically to spread fear throughout the Third Reich by scalping and brutally killing Nazis. The Basterds, lead by Lt. Aldo Raine soon cross paths with a French-Jewish teenage girl who runs a movie theater in Paris which is targeted by the soldiers."
114,556574,Hamilton,19.605,2020-07-03,8.215,1248,"Presenting the tale of American founding father Alexander Hamilton, this filmed version of the original Broadway smash hit is the story of America then, told by America now."
115,5156,Bicycle Thieves,24.014,1948-11-24,8.213,2173,"Unemployed Antonio is elated when he finally finds work hanging posters around war-torn Rome. However on his first day, his bicycle—essential to his work—gets stolen. His job is doomed unless he can find the thief. With the help of his son, Antonio combs the city, becoming desperate for justice."
116,185,A Clockwork Orange,49.968,1971-12-19,8.212,12079,"In a near-future Britain, young Alexander DeLarge and his pals get their kicks beating and raping anyone they please. When not destroying the lives of others, Alex swoons to the music of Beethoven. The state, eager to crack down on juvenile crime, gives an incarcerated Alex the option to undergo an invasive procedure that'll rob him of all personal agency. In a time when conscience is a commodity, can Alex change his tune?"
117,857,Saving Private Ryan,71.321,1998-07-24,8.211,14827,"As U.S. troops storm the beaches of Normandy, three brothers lie dead on the battlefield, with a fourth trapped behind enemy lines. Ranger captain John Miller and seven men are tasked with penetrating German-held territory and bringing the boy home."
118,98,Gladiator,90.629,2000-05-04,8.211,17194,"In the year 180, the death of emperor Marcus Aurelius throws the Roman Empire into chaos.  Maximus is one of the Roman army's most capable and trusted generals and a key advisor to the emperor.  As Marcus' devious son Commodus ascends to the throne, Maximus is set to be executed.  He escapes, but is captured by slave traders.  Renamed Spaniard and forced to become a gladiator, Maximus must battle to the death with other men for the amusement of paying audiences."
119,603,The Matrix,98.799,1999-03-30,8.209,24123,"Set in the 22nd century, The Matrix tells the story of a computer hacker who joins a group of underground insurgents fighting the vast and powerful computers who now rule the earth."
120,1124,The Prestige,79.476,2006-10-19,8.205,14884,"A mysterious story of two magicians whose intense rivalry leads them on a life-long battle for supremacy -- full of obsession, deceit and jealousy with dangerous and deadly consequences."
121,11,Star Wars,80.819,1977-05-25,8.2,19347,Princess Leia is captured and held hostage by the evil Imperial forces in their effort to take over the galactic Empire. Venturesome Luke Skywalker and dashing captain Han Solo team together with the loveable robot duo R2-D2 and C-3PO to rescue the beautiful princess and restore peace and justice in the Empire.
122,522924,The Art of Racing in the Rain,53.665,2019-08-08,8.203,1345,"A family dog – with a near-human soul and a philosopher's mind – evaluates his life through the lessons learned by his human owner, a race-car driver."
123,50014,The Help,64.001,2011-08-09,8.202,7630,"Aibileen Clark is a middle-aged African-American maid who has spent her life raising white children and has recently lost her only son; Minny Jackson is an African-American maid who has often offended her employers despite her family's struggles with money and her desperate need for jobs; and Eugenia ""Skeeter"" Phelan is a young white woman who has recently moved back home after graduating college to find out her childhood maid has mysteriously disappeared. These three stories intertwine to explain how life in Jackson, Mississippi revolves around ""the help""; yet they are always kept at a certain distance because of racial lines."
124,11324,Shutter Island,107.046,2010-02-14,8.201,22571,"World War II soldier-turned-U.S. Marshal Teddy Daniels investigates the disappearance of a patient from a hospital for the criminally insane, but his efforts are compromised by troubling visions and a mysterious doctor."
125,610892,Violet Evergarden: Eternity and the Auto Memory Doll,29.941,2019-09-06,8.2,325,"Isabella, the daughter of the noble York family, is enrolled in an all-girls academy to be groomed into a dame worthy of nobility. However, she has given up on her future, seeing the prestigious school as nothing more than a prison from the outside world. Her family notices her struggling in her lessons and decides to hire Violet Evergarden to personally tutor her under the guise of a handmaiden.  At first, Isabella treats Violet coldly. Violet seems to be able to do everything perfectly, leading Isabella to assume that she was born with a silver spoon. After some time, Isabella begins to realize that Violet has had her own struggles and starts to open up to her. Isabella soon reveals that she has lost contact with her beloved younger sister, whom she yearns to see again.  Having experienced the power of words through her past clientele, Violet asks if Isabella wishes to write a letter to Taylor. Will Violet be able to help Isabella convey her feelings to her long-lost sister?"
126,26451,Investigation of a Citizen Above Suspicion,14.881,1970-10-16,8.2,701,"Rome, Italy. After committing a heinous crime, a senior police officer exposes evidence incriminating him because his moral commitment prevents him from circumventing the law and the social order it protects."
127,654299,Out of the Clear Blue Sky,11.723,2019-12-24,8.196,322,"Returning to Earth as an imitator, the legendary Mexican artist Pedro Infante must prove that he is no longer a womanizer to enter paradise."
128,490,The Seventh Seal,27.942,1957-02-16,8.2,2729,"When disillusioned Swedish knight Antonius Block returns home from the Crusades to find his country in the grips of the Black Death, he challenges Death to a chess match for his life. Tormented by the belief that God does not exist, Block sets off on a journey, meeting up with traveling players Jof and his wife, Mia, and becoming determined to evade Death long enough to commit one redemptive act while he still lives."
129,324786,Hacksaw Ridge,111.056,2016-10-07,8.194,12834,"WWII American Army Medic Desmond T. Doss, who served during the Battle of Okinawa, refuses to kill people and becomes the first Conscientious Objector in American history to receive the Congressional Medal of Honor."
130,133919,Scenes from a Marriage,10.625,1974-09-15,8.194,309,"Johan and Marianne are married and seem to have it all. Their happiness, however, is a façade for a troubled relationship, which becomes even rockier when Johan admits that he's having an affair. Before long, the spouses separate and move towards finalizing their divorce, but they make attempts at reconciling. Even as they pursue other relationships, Johan and Marianne realize that they have a significant bond, but also many issues that hinder that connection."
131,10098,The Kid,21.316,1921-01-21,8.193,1901,A tramp cares for a boy after he's abandoned as a newborn by his mother. Later the mother has a change of heart and aches to be reunited with her son.
132,629,The Usual Suspects,67.081,1995-07-19,8.192,9719,"Held in an L.A. interrogation room, Verbal Kint attempts to convince the feds that a mythic crime lord, Keyser Soze, not only exists, but was also responsible for drawing him and his four partners into a multi-million dollar heist that ended with an explosion in San Pedro harbor – leaving few survivors. Verbal lures his interrogators with an incredible story of the crime lord's almost supernatural prowess."
133,810693,Jujutsu Kaisen 0,111.493,2021-12-24,8.191,1127,"Yuta Okkotsu is a nervous high school student who is suffering from a serious problem—his childhood friend Rika has turned into a curse and won't leave him alone. Since Rika is no ordinary curse, his plight is noticed by Satoru Gojo, a teacher at Jujutsu High, a school where fledgling exorcists learn how to combat curses. Gojo convinces Yuta to enroll, but can he learn enough in time to confront the curse that haunts him?"
134,575813,Better Days,19.9,2019-10-25,8.189,366,"A bullied teenage girl forms an unlikely friendship with a mysterious young man who protects her from her assailants, while she copes with the pressures of her final examinations."
135,77,Memento,65.769,2000-10-11,8.2,13892,"Leonard Shelby is tracking down the man who raped and murdered his wife. The difficulty of locating his wife's killer, however, is compounded by the fact that he suffers from a rare, untreatable form of short-term memory loss. Although he can recall details of life before his accident, Leonard cannot remember what happened fifteen minutes ago, where he's going, or why."
136,791373,Zack Snyder's Justice League,112.255,2021-03-18,8.183,9333,"Determined to ensure Superman's ultimate sacrifice was not in vain, Bruce Wayne aligns forces with Diana Prince with plans to recruit a team of metahumans to protect the world from an approaching threat of catastrophic proportions."
137,18148,Tokyo Story,25.215,1953-11-03,8.2,940,"The elderly Shukishi and his wife, Tomi, take the long journey from their small seaside village to visit their adult children in Tokyo. Their elder son, Koichi, a doctor, and their daughter, Shige, a hairdresser, don't have much time to spend with their aged parents, and so it falls to Noriko, the widow of their younger son who was killed in the war, to keep her in-laws company."
138,426,Vertigo,43.629,1958-05-28,8.2,5323,"A retired San Francisco detective suffering from acrophobia investigates the strange activities of an old friend's wife, all the while becoming dangerously obsessed with her."
139,313106,Doctor Who: The Day of the Doctor,18.981,2013-11-23,8.2,709,"In 2013, something terrible is awakening in London's National Gallery; in 1562, a murderous plot is afoot in Elizabethan England; and somewhere in space an ancient battle reaches its devastating conclusion. All of reality is at stake as the Doctor's own dangerous past comes back to haunt him."
140,1398,Stalker,53.646,1979-05-25,8.175,1906,"Near a gray and unnamed city is the Zone, a place guarded by barbed wire and soldiers, and where the normal laws of physics are victim to frequent anomalies. A stalker guides two men into the Zone, specifically to an area in which deep-seated desires are granted."
141,592350,My Hero Academia: Heroes Rising,31.474,2019-12-20,8.174,1091,"Class 1-A visits Nabu Island where they finally get to do some real hero work. The place is so peaceful that it's more like a vacation … until they're attacked by a villain with an unfathomable Quirk! His power is eerily familiar, and it looks like Shigaraki had a hand in the plan. But with All Might retired and citizens' lives on the line, there's no time for questions. Deku and his friends are the next generation of heroes, and they're the island's only hope."
142,517814,Capernaum,23.429,2018-09-20,8.174,1548,"Zain, a 12-year-old boy scrambling to survive on the streets of Beirut, sues his parents for having brought him into such an unjust world, where being a refugee with no documents means that your rights can easily be denied."
143,68718,Django Unchained,84.236,2012-12-25,8.173,24913,"With the help of a German bounty hunter, a freed slave sets out to rescue his wife from a brutal Mississippi plantation owner."
144,606856,Togo,42.996,2019-12-20,8.172,1839,"The untold true story set in the winter of 1925 that takes you across the treacherous terrain of the Alaskan tundra for an exhilarating and uplifting adventure that will test the strength, courage and determination of one man, Leonhard Seppala, and his lead sled dog, Togo."
145,872,Singin' in the Rain,28.934,1952-04-09,8.17,2895,"In 1927 Hollywood, a silent film production company and cast make a difficult transition to sound."
146,531428,Portrait of a Lady on Fire,29.498,2019-06-17,8.168,2242,"On an isolated island in Brittany at the end of the eighteenth century, a female painter is obliged to paint a wedding portrait of a young woman."
147,289,Casablanca,57.187,1943-01-15,8.167,5004,"In Casablanca, Morocco in December 1941, a cynical American expatriate meets a former lover, with unforeseen complications."
148,555604,Guillermo del Toro's Pinocchio,98.523,2022-11-09,8.167,2545,"During the rise of fascism in Mussolini's Italy, a wooden boy brought magically to life struggles to live up to his father's expectations."
149,1422,The Departed,49.76,2006-10-04,8.167,13963,"To take down South Boston's Irish Mafia, the police send in one of their own to infiltrate the underworld, not realizing the syndicate has done likewise. While an undercover cop curries favor with the mob kingpin, a career criminal rises through the police ranks. But both sides soon discover there's a mole among them."
150,111,Scarface,83.267,1983-12-09,8.167,10919,"After getting a green card in exchange for assassinating a Cuban government official, Tony Montana stakes a claim on the drug trade in Miami. Viciously murdering anyone who stands in his way, Tony eventually becomes the biggest drug lord in the state, controlling nearly all the cocaine that comes through Miami. But increased pressure from the police, wars with Colombian drug cartels and his own drug-fueled paranoia serve to fuel the flames of his eventual downfall."
151,872585,Oppenheimer,1389.494,2023-07-19,8.157,5014,The story of J. Robert Oppenheimer's role in the development of the atomic bomb during World War II.
152,475557,Joker,88.486,2019-10-01,8.166,23703,"During the 1980s, a failed stand-up comedian is driven insane and turns to a life of crime and chaos in Gotham City while becoming an infamous psychopathic crime figure."
153,458220,Palmer,49.73,2021-01-28,8.164,1347,"After 12 years in prison, former high school football star Eddie Palmer returns home to put his life back together—and forms an unlikely bond with Sam, an outcast boy from a troubled home. But Eddie's past threatens to ruin his new life and family."
154,620683,My Mom Is a Character 3,7.542,2019-12-26,8.164,453,Dona Hermínia will have to rediscover and reinvent herself because her children are forming new families. This supermom will have to deal with a new life scenario: Marcelina is pregnant and Juliano is getting married.
155,550776,Believe Me: The Abduction of Lisa McVey,30.083,2021-06-01,8.164,537,"On the night she plans on taking her own life, 17-year-old 'Lisa McVey' is kidnapped and finds herself fighting to stay alive and manages to be a victim of rape. She manages to talk her attacker into releasing her, but when she returns home, no one believes her story except for one detective, who suspects she was abducted by a serial killer. Based on horrifying true events."
156,398818,Call Me by Your Name,45.014,2017-09-01,8.164,11450,"In 1980s Italy, a relationship begins between seventeen-year-old teenage Elio and the older adult man hired as his father's research assistant."
157,399106,Piper,14.375,2016-06-16,8.163,1538,"A mother bird tries to teach her little one how to find food by herself. In the process, she encounters a traumatic experience that she must overcome in order to survive."
158,422,8½,20.678,1963-02-14,8.2,2095,"Guido Anselmi, a film director, finds himself creatively barren at the peak of his career. Urged by his doctors to rest, Anselmi heads for a luxurious resort, but a sorry group gathers—his producer, staff, actors, wife, mistress, and relatives—each one begging him to get on with the show. In retreat from their dependency, he fantasizes about past women and dreams of his childhood."
159,518068,Along with the Gods: The Last 49 Days,37.255,2018-08-01,8.159,538,"As the deceased soul Ja-hong and his three afterlife guardians prepare for their remaining trials for reincarnation, the guardians soon come face to face with the truth of their tragic time on Earth 1,000 years earlier."
160,81481,Silenced,20.999,2011-09-22,8.158,540,"Based on actual events that took place at Gwangju Inhwa School for the hearing-impaired, where young deaf students were the victims of repeated sexual assaults by faculty members over a period of five years in the early 2000s."
161,470044,The Hate U Give,26.271,2018-10-19,8.153,2011,"Raised in a poverty-stricken slum, a 16-year-old girl named Starr now attends a suburban prep school. After she witnesses a police officer shoot her unarmed best friend, she's torn between her two very different worlds as she tries to speak her truth."
162,92060,Michael Jackson's Thriller,14.105,1983-11-14,8.153,615,A night at the movies turns into a nightmare when Michael and his date are attacked by a horde of bloody-thirsty zombies.
163,55823,The Great War,8.884,1959-10-28,8.153,318,"Italy, 1916. Oreste Jacovacci and Giovanni Busacca are called, as all the Italian youths, to serve the army in the WWI. They both try in every way to avoid serving the army."
164,103,Taxi Driver,53.468,1976-02-09,8.2,11278,A mentally unstable Vietnam War veteran works as a night-time taxi driver in New York City where the perceived decadence and sleaze feed his urge for violent action.
165,755812,"Miraculous World: New York, United HeroeZ",45.283,2020-12-18,8.2,1032,Teen Parisian superheroes Ladybug and Chat Noir visit New York on a field trip and discover that superheroes exist in the United States too.
166,406997,Wonder,37.291,2017-11-13,8.151,7474,"The story of August Pullman – a boy with facial differences – who enters fifth grade, attending a mainstream elementary school for the first time."
167,20914,My Friends,9.008,1975-10-24,8.151,653,"Four middle-aged friends in Florence organize together idle pranks (called zingarate, ""gypsy shenanigans"") in a continuous attempt to prolong childhood during their adult life."
168,348,Alien,120.741,1979-05-25,8.151,13392,"During its return to the earth, commercial spaceship Nostromo intercepts a distress signal from a distant planet. When a three-member team of the crew discovers a chamber containing thousands of eggs on the planet, a creature inside one of the eggs attacks an explorer. The entire crew is unaware of the impending nightmare set to descend upon them when the alien parasite planted inside its unfortunate host is birthed."
169,19,Metropolis,25.298,1927-02-06,8.151,2463,"In a futuristic city sharply divided between the rich and the poor, the son of the city's mastermind meets a prophet who predicts the coming of a savior to mediate their differences."
170,489,Good Will Hunting,66.655,1997-12-05,8.15,11269,"Will Hunting has a genius-level IQ but chooses to work as a janitor at MIT. When he solves a difficult graduate-level math problem, his talents are discovered by Professor Gerald Lambeau, who decides to help the misguided youth reach his potential. When Will is arrested for attacking a police officer, Professor Lambeau makes a deal to get leniency for him if he will get treatment from therapist Sean Maguire."
171,508442,Soul,85.897,2020-12-25,8.148,9629,"Joe Gardner is a middle school teacher with a love for jazz music. After a successful audition at the Half Note Club, he suddenly gets into an accident that separates his soul from his body and is transported to the You Seminar, a center in which souls develop and gain passions before being transported to a newborn child. Joe must enlist help from the other souls-in-training, like 22, a soul who has spent eons in the You Seminar, in order to get back to Earth."
172,20532,Sansho the Bailiff,17.702,1954-03-31,8.148,334,"In medieval Japan, a woman and his children journey to find the family's patriarch, who was exiled years before."
173,600354,The Father,44.513,2020-12-23,8.148,2838,"A man refuses all assistance from his daughter as he ages and, as he tries to make sense of his changing circumstances, he begins to doubt his loved ones, his own mind and even the fabric of his reality."
174,762975,Purple Hearts,83.818,2022-07-29,8.146,2172,"An aspiring musician agrees to a marriage of convenience with a soon-to-deploy Marine, but a tragedy soon turns their fake relationship all too real."
175,666,Central Station,13.891,1998-11-20,8.1,799,"An emotive journey of a former school teacher, who writes letters for illiterate people, and a young boy, whose mother has just died, as they search for the father he never knew."
176,600,Full Metal Jacket,40.105,1987-06-26,8.138,9792,A pragmatic U.S. Marine observes the dehumanizing effects the U.S.-Vietnam War has on his fellow recruits from their brutal boot camp training to the bloody street fighting in Hue.
177,532067,KONOSUBA – God's blessing on this wonderful world! Legend of Crimson,27.844,2019-08-30,8.135,489,"It is not strange that the Demon Lord's forces fear the Crimson Demons, the clan from which Megumin and Yunyun originate. Even if the Demon Lord's generals attack their village, the Crimson Demons can just easily brush them off with their supreme mastery of advanced and overpowered magic.  When Yunyun receives a seemingly serious letter regarding a potential disaster coming to her hometown, she immediately informs Kazuma Satou and the rest of his party. After a series of wacky misunderstandings, it turns out to be a mere prank by her fellow demon who wants to be an author. Even so, Megumin becomes worried about her family and sets out toward the Crimson Demons' village with the gang.  There, Kazuma and the others decide to sightsee the wonders of Megumin's birthplace. However, they soon come to realize that the nonsense threat they received might have been more than just a joke."
178,37165,The Truman Show,67.046,1998-06-04,8.135,17061,"Truman Burbank is the star of The Truman Show, a 24-hour-a-day reality TV show that broadcasts every aspect of his life without his knowledge. His entire life has been an unending soap opera for consumption by the rest of the world. And everyone he knows, including his wife and his best friend, is really an actor, paid to be part of his life."
179,664767,Mortal Kombat Legends: Scorpion's Revenge,75.781,2020-04-12,8.1,1309,"After the vicious slaughter of his family by stone-cold mercenary Sub-Zero, Hanzo Hasashi is exiled to the torturous Netherrealm. There, in exchange for his servitude to the sinister Quan Chi, he’s given a chance to avenge his family – and is resurrected as Scorpion, a lost soul bent on revenge. Back on Earthrealm, Lord Raiden gathers a team of elite warriors – Shaolin monk Liu Kang, Special Forces officer Sonya Blade and action star Johnny Cage – an unlikely band of heroes with one chance to save humanity. To do this, they must defeat Shang Tsung’s horde of Outworld gladiators and reign over the Mortal Kombat tournament."
